{"cameraMode":{"drawMode":0,"name":"Shaded","section":"Shading Mode"},"sceneLighting":true,"audioPlay":false,"sceneViewState":{"m_AlwaysRefresh":false,"showFog":true,"showSkybox":true,"showFlares":true,"showImageEffects":true,"showParticleSystems":true,"showVisualEffectGraphs":true,"m_FxEnabled":true},"in2DMode":false,"pivot":{"x":487.43475341796877,"y":276.5059814453125,"z":104.38749694824219},"rotation":{"x":0.05307582765817642,"y":0.5831480026245117,"z":-0.03830896317958832,"w":0.8098013401031494},"size":0.913368821144104,"orthographic":true}