{"cameraMode":{"drawMode":0,"name":"Shaded","section":"Shading Mode"},"sceneLighting":true,"audioPlay":false,"sceneViewState":{"m_AlwaysRefresh":false,"showFog":true,"showSkybox":true,"showFlares":true,"showImageEffects":true,"showParticleSystems":true,"showVisualEffectGraphs":true,"m_FxEnabled":true},"in2DMode":false,"pivot":{"x":487.01031494140627,"y":275.3465270996094,"z":104.30615997314453},"rotation":{"x":-0.03422389551997185,"y":0.20913779735565186,"z":-0.007307242136448622,"w":-0.9773414134979248},"size":1.6594069004058838,"orthographic":true}