{"cameraMode":{"drawMode":0,"name":"Shaded","section":"Shading Mode"},"sceneLighting":true,"audioPlay":false,"sceneViewState":{"m_AlwaysRefresh":false,"showFog":true,"showSkybox":true,"showFlares":true,"showImageEffects":true,"showParticleSystems":true,"showVisualEffectGraphs":true,"m_FxEnabled":true},"in2DMode":false,"pivot":{"x":285.1009826660156,"y":105.73640441894531,"z":-59.87342834472656},"rotation":{"x":0.002460716525092721,"y":0.9788599610328674,"z":-0.012256288900971413,"w":0.20455829799175263},"size":254.30014038085938,"orthographic":false}