{"cameraMode":{"drawMode":0,"name":"Shaded","section":"Shading Mode"},"sceneLighting":true,"audioPlay":false,"sceneViewState":{"m_AlwaysRefresh":false,"showFog":true,"showSkybox":true,"showFlares":true,"showImageEffects":true,"showParticleSystems":true,"showVisualEffectGraphs":true,"m_FxEnabled":true},"in2DMode":false,"pivot":{"x":487.9943542480469,"y":275.1471862792969,"z":106.12358093261719},"rotation":{"x":-0.024973275139927865,"y":-0.044370755553245547,"z":-0.0011086085578426719,"w":0.9987190365791321},"size":2.302938461303711,"orthographic":true}