{"cameraMode":{"drawMode":0,"name":"Shaded","section":"Shading Mode"},"sceneLighting":true,"audioPlay":false,"sceneViewState":{"m_AlwaysRefresh":false,"showFog":true,"showSkybox":true,"showFlares":true,"showImageEffects":true,"showParticleSystems":true,"showVisualEffectGraphs":true,"m_FxEnabled":true},"in2DMode":false,"pivot":{"x":489.17449951171877,"y":276.2026062011719,"z":105.00772857666016},"rotation":{"x":-0.04791474714875221,"y":0.05291479825973511,"z":0.002540414221584797,"w":0.997453510761261},"size":6.032516956329346,"orthographic":true}