{"cameraMode":{"drawMode":0,"name":"Shaded","section":"Shading Mode"},"sceneLighting":true,"audioPlay":false,"sceneViewState":{"m_AlwaysRefresh":false,"showFog":true,"showSkybox":true,"showFlares":true,"showImageEffects":true,"showParticleSystems":true,"showVisualEffectGraphs":true,"m_FxEnabled":true},"in2DMode":false,"pivot":{"x":0.13268253207206727,"y":2.308297872543335,"z":-0.0940302237868309},"rotation":{"x":0.13507802784442902,"y":0.016122959554195405,"z":-0.002330947667360306,"w":0.9907946586608887},"size":0.09225568920373917,"orthographic":false}