{"cameraMode":{"drawMode":0,"name":"Shaded","section":"Shading Mode"},"sceneLighting":true,"audioPlay":false,"sceneViewState":{"m_AlwaysRefresh":false,"showFog":true,"showSkybox":true,"showFlares":true,"showImageEffects":true,"showParticleSystems":true,"showVisualEffectGraphs":true,"m_FxEnabled":true},"in2DMode":false,"pivot":{"x":487.9943542480469,"y":275.1471862792969,"z":106.12358093261719},"rotation":{"x":-0.0019997067283838989,"y":0.03159910812973976,"z":0.00004667242683353834,"w":0.99955153465271},"size":4.47627592086792,"orthographic":true}