{"cameraMode":{"drawMode":0,"name":"Shaded","section":"Shading Mode"},"sceneLighting":true,"audioPlay":false,"sceneViewState":{"m_AlwaysRefresh":false,"showFog":true,"showSkybox":true,"showFlares":true,"showImageEffects":true,"showParticleSystems":true,"showVisualEffectGraphs":true,"m_FxEnabled":true},"in2DMode":false,"pivot":{"x":487.80975341796877,"y":275.7760009765625,"z":104.38249969482422},"rotation":{"x":0.006999553181231022,"y":-0.011999594047665596,"z":0.0000774781292420812,"w":0.9999175667762756},"size":3.0199873447418215,"orthographic":true}